{
	"credit": "Made with Blockbench",
	"texture_size": [32, 32],
	"textures": {
		"0": "minecraft:item/vaults/ak",
		"particle": "minecraft:item/vaults/ak"
	},
	"elements": [
		{
			"from": [7.06109, 3.80154, 10.38754],
			"to": [8.92775, 8.46821, 12.85421],
			"rotation": {"angle": -22.5, "axis": "x", "origin": [7.99442, 6.13488, 11.62087]},
			"faces": {
				"north": {"uv": [10, 7, 11, 9.5], "texture": "#0"},
				"east": {"uv": [10, 9.5, 11, 12], "texture": "#0"},
				"south": {"uv": [3, 10, 4, 12.5], "texture": "#0"},
				"west": {"uv": [4, 10, 5, 12.5], "texture": "#0"},
				"up": {"uv": [12, 6, 11, 5], "rotation": 180, "texture": "#0"},
				"down": {"uv": [1, 11.5, 0, 12.5], "rotation": 180, "texture": "#0"}
			}
		},
		{
			"from": [7.19442, -0.32919, 3.29202],
			"to": [8.79442, 7.33748, 6.75869],
			"rotation": {"angle": 22.5, "axis": "x", "origin": [7.92775, 4.60414, 7.92535]},
			"faces": {
				"north": {"uv": [7, 7, 8, 11], "texture": "#0"},
				"east": {"uv": [2, 6, 3.5, 10], "texture": "#0"},
				"south": {"uv": [8, 7, 9, 11], "texture": "#0"},
				"west": {"uv": [3.5, 6, 5, 10], "texture": "#0"},
				"up": {"uv": [9, 12.5, 8, 11], "texture": "#0"},
				"down": {"uv": [10, 11, 9, 12.5], "texture": "#0"}
			}
		},
		{
			"from": [7.92775, 5.33333, 7.51546],
			"to": [7.92775, 7.33333, 11.51546],
			"rotation": {"angle": 0, "axis": "y", "origin": [7.98768, 7.92161, 8.22394]},
			"faces": {
				"north": {"uv": [0, 0, 0, 1], "texture": "#0"},
				"east": {"uv": [8.5, 2, 10.5, 3], "texture": "#0"},
				"south": {"uv": [0, 0, 0, 1], "texture": "#0"},
				"west": {"uv": [10.5, 2, 12.5, 3], "texture": "#0"},
				"up": {"uv": [0, 2, 0, 0], "texture": "#0"},
				"down": {"uv": [0, 0, 0, 2], "texture": "#0"}
			}
		},
		{
			"from": [6.975, 7.225, -5.325],
			"to": [9, 10.225, 11.7],
			"rotation": {"angle": 0, "axis": "y", "origin": [-0.1, 0, 0]},
			"faces": {
				"north": {"uv": [11, 9, 12, 10.5], "texture": "#0"},
				"east": {"uv": [0, 0, 8.5, 1.5], "texture": "#0"},
				"south": {"uv": [11, 10.5, 12, 12], "texture": "#0"},
				"west": {"uv": [0, 1.5, 8.5, 3], "texture": "#0"},
				"up": {"uv": [1, 11.5, 0, 3], "texture": "#0"},
				"down": {"uv": [2, 3, 1, 11.5], "texture": "#0"}
			}
		},
		{
			"from": [7, 7.525, 11.25],
			"to": [8.975, 9.525, 22.14167],
			"rotation": {"angle": 22.5, "axis": "x", "origin": [7.9875, 8.725, 13.1875]},
			"faces": {
				"north": {"uv": [1, 11.5, 2, 12.5], "texture": "#0"},
				"east": {"uv": [5, 6, 10.5, 7], "texture": "#0"},
				"south": {"uv": [12, 3, 13, 4], "texture": "#0"},
				"west": {"uv": [6.5, 3, 12, 4], "texture": "#0"},
				"up": {"uv": [6, 12.5, 5, 7], "texture": "#0"},
				"down": {"uv": [7, 7, 6, 12.5], "texture": "#0"}
			}
		},
		{
			"from": [6.975, 7.18046, 13.743],
			"to": [9, 9.18046, 21.768],
			"rotation": {"angle": 0, "axis": "y", "origin": [7.9875, 7.17213, 16.41383]},
			"faces": {
				"north": {"uv": [12, 5, 13, 6], "texture": "#0"},
				"east": {"uv": [8.5, 0, 12.5, 1], "texture": "#0"},
				"south": {"uv": [12, 7, 13, 8], "texture": "#0"},
				"west": {"uv": [8.5, 1, 12.5, 2], "texture": "#0"},
				"up": {"uv": [10, 11, 9, 7], "texture": "#0"},
				"down": {"uv": [3, 10, 2, 14], "texture": "#0"}
			}
		},
		{
			"from": [7.025, 5.9013, 17.7555],
			"to": [8.95, 8.19296, 21.7555],
			"rotation": {"angle": 0, "axis": "y", "origin": [7.9875, 8.18046, 17.7555]},
			"faces": {
				"north": {"uv": [12, 8, 13, 9], "texture": "#0"},
				"east": {"uv": [10.5, 6, 12.5, 7], "texture": "#0"},
				"south": {"uv": [12, 9, 13, 10], "texture": "#0"},
				"west": {"uv": [11, 4, 13, 5], "texture": "#0"},
				"up": {"uv": [8, 13, 7, 11], "texture": "#0"},
				"down": {"uv": [12, 7, 11, 9], "texture": "#0"}
			}
		},
		{
			"from": [8, 7.23333, -14],
			"to": [8, 10.23333, -5],
			"faces": {
				"north": {"uv": [0, 0, 0, 1.5], "texture": "#0"},
				"east": {"uv": [2, 3, 6.5, 4.5], "texture": "#0"},
				"south": {"uv": [0, 0, 0, 1.5], "texture": "#0"},
				"west": {"uv": [2, 4.5, 6.5, 6], "texture": "#0"},
				"up": {"uv": [0, 4.5, 0, 0], "texture": "#0"},
				"down": {"uv": [0, 0, 0, 4.5], "texture": "#0"}
			}
		},
		{
			"from": [8, 9.23333, -5],
			"to": [8, 11.23333, 4],
			"faces": {
				"north": {"uv": [0, 0, 0, 1], "texture": "#0"},
				"east": {"uv": [6.5, 4, 11, 5], "texture": "#0"},
				"south": {"uv": [0, 0, 0, 1], "texture": "#0"},
				"west": {"uv": [6.5, 5, 11, 6], "texture": "#0"},
				"up": {"uv": [0, 4.5, 0, 0], "texture": "#0"},
				"down": {"uv": [0, 0, 0, 4.5], "texture": "#0"}
			}
		}
	],
	"display": {
		"thirdperson_righthand": {
			"rotation": [3, 0, 0],
			"translation": [-0.25, 0.5, -0.5],
			"scale": [0.75, 0.75, 0.75]
		},
		"thirdperson_lefthand": {
			"translation": [0, 4.5, -3.25],
			"scale": [0, 0, 0]
		},
		"firstperson_righthand": {
			"translation": [-1.5, 3.5, 7]
		},
		"firstperson_lefthand": {
			"translation": [-9, 4.25, -1.75]
		},
		"gui": {
			"rotation": [24, -126, 0],
			"translation": [-0.75, 0.75, 0],
			"scale": [0.75, 0.75, 0.75]
		}
	},
	"groups": [
		{
			"name": "item",
			"origin": [8, 8, 8],
			"color": 0,
			"nbt": "{}",
			"children": [0, 1, 2, 3, 4, 5, 6]
		},
		7,
		8
	]
}