{
	"credit": "Made with Blockbench",
	"texture_size": [32, 32],
	"textures": {
		"2": "item/vaults/cloth_cutters",
		"particle": "item/vaults/cloth_cutters"
	},
	"elements": [
		{
			"from": [2.53333, 0.66667, 7],
			"to": [3.53333, 3.66667, 9],
			"rotation": {"angle": -22.5, "axis": "z", "origin": [4.97868, 3.91667, 8]},
			"faces": {
				"north": {"uv": [10.5, 9, 11, 10.5], "texture": "#2"},
				"east": {"uv": [9.5, 2, 10.5, 3.5], "texture": "#2"},
				"south": {"uv": [10.5, 10.5, 11, 12], "texture": "#2"},
				"west": {"uv": [9.5, 3.5, 10.5, 5], "texture": "#2"},
				"up": {"uv": [10.5, 12, 10, 11], "texture": "#2"},
				"down": {"uv": [11.5, 10.5, 11, 11.5], "texture": "#2"}
			}
		},
		{
			"from": [5.53333, 0, 7.01333],
			"to": [6.50667, 3, 8.999],
			"rotation": {"angle": -22.5, "axis": "z", "origin": [7.97868, 3.25, 7.975]},
			"faces": {
				"north": {"uv": [6.5, 11, 7, 12.5], "texture": "#2"},
				"east": {"uv": [9.5, 5, 10.5, 6.5], "texture": "#2"},
				"south": {"uv": [7, 11, 7.5, 12.5], "texture": "#2"},
				"west": {"uv": [8.5, 9.5, 9.5, 11], "texture": "#2"},
				"up": {"uv": [4, 12.5, 3.5, 11.5], "texture": "#2"},
				"down": {"uv": [4.5, 11.5, 4, 12.5], "texture": "#2"}
			}
		},
		{
			"from": [4.53333, 3.66667, 7],
			"to": [6.53333, 8.66667, 9],
			"rotation": {"angle": -22.5, "axis": "z", "origin": [4.97868, 3.91667, 8]},
			"faces": {
				"north": {"uv": [2.5, 6.5, 3.5, 9], "texture": "#2"},
				"east": {"uv": [3.5, 6.5, 4.5, 9], "texture": "#2"},
				"south": {"uv": [4.5, 6.5, 5.5, 9], "texture": "#2"},
				"west": {"uv": [5.5, 6.5, 6.5, 9], "texture": "#2"},
				"up": {"uv": [10.5, 7.5, 9.5, 6.5], "texture": "#2"},
				"down": {"uv": [11.5, 0, 10.5, 1], "texture": "#2"}
			}
		},
		{
			"from": [3.69167, 4.44167, 7.02667],
			"to": [4.69167, 6.44167, 8.97333],
			"rotation": {"angle": -22.5, "axis": "z", "origin": [3.13701, 4.69167, 8]},
			"faces": {
				"north": {"uv": [4.5, 11.5, 5, 12.5], "texture": "#2"},
				"east": {"uv": [10.5, 2, 11.5, 3], "texture": "#2"},
				"south": {"uv": [5, 11.5, 5.5, 12.5], "texture": "#2"},
				"west": {"uv": [10.5, 3, 11.5, 4], "texture": "#2"},
				"up": {"uv": [12, 6, 11.5, 5], "texture": "#2"},
				"down": {"uv": [12, 6, 11.5, 7], "texture": "#2"}
			}
		},
		{
			"from": [4.69167, 5.44167, 7.02667],
			"to": [5.69167, 6.44167, 8.97333],
			"rotation": {"angle": -22.5, "axis": "z", "origin": [4.13701, 5.69167, 8]},
			"faces": {
				"north": {"uv": [12.5, 3, 13, 3.5], "texture": "#2"},
				"east": {"uv": [11.5, 3.5, 12.5, 4], "texture": "#2"},
				"south": {"uv": [3.5, 12.5, 4, 13], "texture": "#2"},
				"west": {"uv": [11.5, 7, 12.5, 7.5], "texture": "#2"},
				"up": {"uv": [12, 8.5, 11.5, 7.5], "texture": "#2"},
				"down": {"uv": [12, 8.5, 11.5, 9.5], "texture": "#2"}
			}
		},
		{
			"from": [2.82749, 2.74651, 7.025],
			"to": [3.82749, 7.74651, 8.975],
			"rotation": {"angle": -45, "axis": "z", "origin": [4.97868, 3.91667, 8]},
			"faces": {
				"north": {"uv": [5.5, 10, 6, 12.5], "texture": "#2"},
				"east": {"uv": [6.5, 6.5, 7.5, 9], "texture": "#2"},
				"south": {"uv": [6, 10, 6.5, 12.5], "texture": "#2"},
				"west": {"uv": [7.5, 0, 8.5, 2.5], "texture": "#2"},
				"up": {"uv": [12, 1, 11.5, 0], "texture": "#2"},
				"down": {"uv": [12, 2, 11.5, 3], "texture": "#2"}
			}
		},
		{
			"from": [1.70833, 0.975, 7],
			"to": [5.70833, 1.975, 9],
			"rotation": {"angle": -22.5, "axis": "z", "origin": [3.70833, 1.975, 8]},
			"faces": {
				"north": {"uv": [10.5, 1, 12.5, 1.5], "texture": "#2"},
				"east": {"uv": [2.5, 11.5, 3.5, 12], "texture": "#2"},
				"south": {"uv": [10.5, 1.5, 12.5, 2], "texture": "#2"},
				"west": {"uv": [11.5, 3, 12.5, 3.5], "texture": "#2"},
				"up": {"uv": [10.5, 8.5, 8.5, 7.5], "texture": "#2"},
				"down": {"uv": [10.5, 8.5, 8.5, 9.5], "texture": "#2"}
			}
		},
		{
			"from": [5.18333, 7.025, 7.92],
			"to": [10.18333, 20.025, 7.92],
			"rotation": {"angle": -22.5, "axis": "z", "origin": [7.18333, 8.025, 7.92]},
			"faces": {
				"north": {"uv": [0, 0, 2.5, 6.5], "texture": "#2"},
				"east": {"uv": [0, 0, 0, 6.5], "texture": "#2"},
				"south": {"uv": [2.5, 0, 5, 6.5], "texture": "#2"},
				"west": {"uv": [0, 0, 0, 6.5], "texture": "#2"},
				"up": {"uv": [2.5, 0, 0, 0], "texture": "#2"},
				"down": {"uv": [2.5, 0, 0, 0], "texture": "#2"}
			}
		},
		{
			"from": [12.46667, 0.66667, 7],
			"to": [13.46667, 3.66667, 9],
			"rotation": {"angle": 22.5, "axis": "z", "origin": [11.02132, 3.91667, 8]},
			"faces": {
				"north": {"uv": [11, 9, 11.5, 10.5], "texture": "#2"},
				"east": {"uv": [3.5, 10, 4.5, 11.5], "texture": "#2"},
				"south": {"uv": [9.5, 11, 10, 12.5], "texture": "#2"},
				"west": {"uv": [4.5, 10, 5.5, 11.5], "texture": "#2"},
				"up": {"uv": [11, 13, 10.5, 12], "texture": "#2"},
				"down": {"uv": [12.5, 10.5, 12, 11.5], "texture": "#2"}
			}
		},
		{
			"from": [9.49333, 0, 7.01333],
			"to": [10.46667, 3, 8.999],
			"rotation": {"angle": 22.5, "axis": "z", "origin": [8.02132, 3.25, 7.975]},
			"faces": {
				"north": {"uv": [8.5, 11, 9, 12.5], "texture": "#2"},
				"east": {"uv": [9.5, 9.5, 10.5, 11], "texture": "#2"},
				"south": {"uv": [9, 11, 9.5, 12.5], "texture": "#2"},
				"west": {"uv": [2.5, 10, 3.5, 11.5], "texture": "#2"},
				"up": {"uv": [12.5, 9.5, 12, 8.5], "texture": "#2"},
				"down": {"uv": [10.5, 12, 10, 13], "texture": "#2"}
			}
		},
		{
			"from": [9.46667, 3.66667, 7],
			"to": [11.46667, 8.66667, 9],
			"rotation": {"angle": 22.5, "axis": "z", "origin": [11.02132, 3.91667, 8]},
			"faces": {
				"north": {"uv": [7.5, 7.5, 8.5, 10], "texture": "#2"},
				"east": {"uv": [8.5, 0, 9.5, 2.5], "texture": "#2"},
				"south": {"uv": [8.5, 2.5, 9.5, 5], "texture": "#2"},
				"west": {"uv": [8.5, 5, 9.5, 7.5], "texture": "#2"},
				"up": {"uv": [11.5, 8, 10.5, 7], "texture": "#2"},
				"down": {"uv": [11.5, 8, 10.5, 9], "texture": "#2"}
			}
		},
		{
			"from": [11.30833, 4.44167, 7.02667],
			"to": [12.30833, 6.44167, 8.97333],
			"rotation": {"angle": 22.5, "axis": "z", "origin": [12.86299, 4.69167, 8]},
			"faces": {
				"north": {"uv": [3, 12, 3.5, 13], "texture": "#2"},
				"east": {"uv": [10.5, 5, 11.5, 6], "texture": "#2"},
				"south": {"uv": [12, 5, 12.5, 6], "texture": "#2"},
				"west": {"uv": [10.5, 6, 11.5, 7], "texture": "#2"},
				"up": {"uv": [12.5, 7, 12, 6], "texture": "#2"},
				"down": {"uv": [12.5, 7.5, 12, 8.5], "texture": "#2"}
			}
		},
		{
			"from": [10.30833, 5.44167, 7.02667],
			"to": [11.30833, 6.44167, 8.97333],
			"rotation": {"angle": 22.5, "axis": "z", "origin": [11.86299, 5.69167, 8]},
			"faces": {
				"north": {"uv": [12.5, 3.5, 13, 4], "texture": "#2"},
				"east": {"uv": [11.5, 11.5, 12.5, 12], "texture": "#2"},
				"south": {"uv": [4, 12.5, 4.5, 13], "texture": "#2"},
				"west": {"uv": [12, 0, 13, 0.5], "texture": "#2"},
				"up": {"uv": [12.5, 3, 12, 2], "texture": "#2"},
				"down": {"uv": [3, 12, 2.5, 13], "texture": "#2"}
			}
		},
		{
			"from": [12.17251, 2.74651, 7.025],
			"to": [13.17251, 7.74651, 8.975],
			"rotation": {"angle": 45, "axis": "z", "origin": [11.02132, 3.91667, 8]},
			"faces": {
				"north": {"uv": [7.5, 10, 8, 12.5], "texture": "#2"},
				"east": {"uv": [7.5, 2.5, 8.5, 5], "texture": "#2"},
				"south": {"uv": [8, 10, 8.5, 12.5], "texture": "#2"},
				"west": {"uv": [7.5, 5, 8.5, 7.5], "texture": "#2"},
				"up": {"uv": [12, 11.5, 11.5, 10.5], "texture": "#2"},
				"down": {"uv": [11.5, 11.5, 11, 12.5], "texture": "#2"}
			}
		},
		{
			"from": [10.29167, 0.975, 7],
			"to": [14.29167, 1.975, 9],
			"rotation": {"angle": 22.5, "axis": "z", "origin": [12.29167, 1.975, 8]},
			"faces": {
				"north": {"uv": [10.5, 4, 12.5, 4.5], "texture": "#2"},
				"east": {"uv": [11.5, 9.5, 12.5, 10], "texture": "#2"},
				"south": {"uv": [10.5, 4.5, 12.5, 5], "texture": "#2"},
				"west": {"uv": [11.5, 10, 12.5, 10.5], "texture": "#2"},
				"up": {"uv": [4.5, 10, 2.5, 9], "texture": "#2"},
				"down": {"uv": [6.5, 9, 4.5, 10], "texture": "#2"}
			}
		},
		{
			"from": [5.81667, 7.025, 8.13333],
			"to": [10.81667, 20.025, 8.13333],
			"rotation": {"angle": 22.5, "axis": "z", "origin": [8.81667, 8.025, 8.13333]},
			"faces": {
				"north": {"uv": [5, 0, 7.5, 6.5], "texture": "#2"},
				"east": {"uv": [0, 0, 0, 6.5], "texture": "#2"},
				"south": {"uv": [0, 6.5, 2.5, 13], "texture": "#2"},
				"west": {"uv": [0, 0, 0, 6.5], "texture": "#2"},
				"up": {"uv": [2.5, 0, 0, 0], "texture": "#2"},
				"down": {"uv": [2.5, 0, 0, 0], "texture": "#2"}
			}
		},
		{
			"from": [2.00248, 2.95867, 6.86667],
			"to": [3.26915, 4.22534, 9.13333],
			"rotation": {"angle": -22.5, "axis": "z", "origin": [1.91331, 3.50197, 7.76667]},
			"faces": {
				"north": {"uv": [12.5, 4, 13, 4.5], "rotation": 270, "texture": "#2"},
				"east": {"uv": [13, 2, 12.5, 1], "rotation": 90, "texture": "#2"},
				"south": {"uv": [4.5, 12.5, 5, 13], "rotation": 90, "texture": "#2"},
				"west": {"uv": [13, 2, 12.5, 3], "rotation": 90, "texture": "#2"},
				"up": {"uv": [11.5, 12, 12.5, 12.5], "rotation": 90, "texture": "#2"},
				"down": {"uv": [12, 0.5, 13, 1], "rotation": 90, "texture": "#2"}
			}
		},
		{
			"from": [-0.78866, 1.76194, 7.53333],
			"to": [3.21134, 3.76194, 7.53333],
			"rotation": {"angle": 0, "axis": "z", "origin": [1.91331, 2.56863, 7.76667]},
			"faces": {
				"north": {"uv": [6.5, 9, 7.5, 11], "rotation": 270, "texture": "#2"},
				"east": {"uv": [1, 0, 0, 0], "rotation": 90, "texture": "#2"},
				"south": {"uv": [9.5, 0, 10.5, 2], "rotation": 90, "texture": "#2"},
				"west": {"uv": [1, 0, 0, 0], "rotation": 90, "texture": "#2"},
				"up": {"uv": [0, 0, 0, 2], "rotation": 90, "texture": "#2"},
				"down": {"uv": [0, 0, 0, 2], "rotation": 90, "texture": "#2"}
			}
		}
	],
	"display": {
		"thirdperson_righthand": {
			"rotation": [-22.5, -90, 0],
			"translation": [0, 1.5, 1.25],
			"scale": [0.75, 0.75, 0.75]
		},
		"thirdperson_lefthand": {
			"rotation": [-22.5, 90, 0],
			"translation": [0, 1.5, 1.25],
			"scale": [0.75, 0.75, 0.75]
		},
		"firstperson_righthand": {
			"rotation": [0, -97, 56],
			"translation": [0, 4.25, 3.5],
			"scale": [0.75, 0.75, 0.75]
		},
		"firstperson_lefthand": {
			"rotation": [0, -97, 56],
			"translation": [0, 4.25, 3.5],
			"scale": [0.75, 0.75, 0.75]
		},
		"gui": {
			"rotation": [-13.46, -31.56, -24.54],
			"translation": [0, -1.5, 0],
			"scale": [0.75, 0.75, 0.75]
		},
		"fixed": {
			"translation": [0, -2.25, 0]
		}
	}
}