{
	"credit": "Made with Blockbench",
	"texture_size": [32, 32],
	"textures": {
		"2": "minecraft:item/vaults/executioners_blade",
		"particle": "minecraft:item/vaults/executioners_blade"
	},
	"elements": [
		{
			"from": [7, -2, 7],
			"to": [9, 7, 9],
			"rotation": {"angle": -45, "axis": "y", "origin": [8, 2.5, 8]},
			"faces": {
				"north": {"uv": [5, 5, 6, 9.5], "texture": "#2"},
				"east": {"uv": [6, 5, 7, 9.5], "texture": "#2"},
				"south": {"uv": [7, 5, 8, 9.5], "texture": "#2"},
				"west": {"uv": [8, 5, 9, 9.5], "texture": "#2"},
				"up": {"uv": [11.5, 8, 10.5, 7], "texture": "#2"},
				"down": {"uv": [9, 10.5, 8, 11.5], "texture": "#2"}
			}
		},
		{
			"from": [8, -2.08, 6],
			"to": [11, -0.08, 10],
			"rotation": {"angle": 22.5, "axis": "z", "origin": [9, -1.08, 8]},
			"faces": {
				"north": {"uv": [3, 10.5, 4.5, 11.5], "texture": "#2"},
				"east": {"uv": [10, 3, 12, 4], "texture": "#2"},
				"south": {"uv": [10.5, 5, 12, 6], "texture": "#2"},
				"west": {"uv": [10, 4, 12, 5], "texture": "#2"},
				"up": {"uv": [10.5, 11, 9, 9], "texture": "#2"},
				"down": {"uv": [6.5, 9.5, 5, 11.5], "texture": "#2"}
			}
		},
		{
			"from": [7.53333, -2.37167, 6],
			"to": [8.53333, -0.37167, 10],
			"rotation": {"angle": 0, "axis": "y", "origin": [7.53333, -1.37167, 8]},
			"faces": {
				"north": {"uv": [8.5, 9.5, 9, 10.5], "texture": "#2"},
				"east": {"uv": [10, 1, 12, 2], "texture": "#2"},
				"south": {"uv": [10.5, 10, 11, 11], "texture": "#2"},
				"west": {"uv": [10, 2, 12, 3], "texture": "#2"},
				"up": {"uv": [5, 12.5, 4.5, 10.5], "texture": "#2"},
				"down": {"uv": [11, 8, 10.5, 10], "texture": "#2"}
			}
		},
		{
			"from": [5, -2.08, 6],
			"to": [8, -0.08, 10],
			"rotation": {"angle": -22.5, "axis": "z", "origin": [7, -1.08, 8]},
			"faces": {
				"north": {"uv": [0, 10.5, 1.5, 11.5], "texture": "#2"},
				"east": {"uv": [6.5, 9.5, 8.5, 10.5], "texture": "#2"},
				"south": {"uv": [1.5, 10.5, 3, 11.5], "texture": "#2"},
				"west": {"uv": [10, 0, 12, 1], "texture": "#2"},
				"up": {"uv": [10.5, 7, 9, 5], "texture": "#2"},
				"down": {"uv": [10.5, 7, 9, 9], "texture": "#2"}
			}
		},
		{
			"from": [3, 6, 6.5],
			"to": [13, 8, 9.5],
			"rotation": {"angle": 0, "axis": "y", "origin": [7, 6, 7.5]},
			"faces": {
				"north": {"uv": [5, 3, 10, 4], "texture": "#2"},
				"east": {"uv": [10.5, 6, 12, 7], "texture": "#2"},
				"south": {"uv": [5, 4, 10, 5], "texture": "#2"},
				"west": {"uv": [6.5, 10.5, 8, 11.5], "texture": "#2"},
				"up": {"uv": [10, 1.5, 5, 0], "texture": "#2"},
				"down": {"uv": [10, 1.5, 5, 3], "texture": "#2"}
			}
		},
		{
			"from": [5.5, 8, 8],
			"to": [10.5, 29, 8],
			"rotation": {"angle": 0, "axis": "y", "origin": [6.6, 8, 7]},
			"faces": {
				"north": {"uv": [0, 0, 2.5, 10.5], "texture": "#2"},
				"east": {"uv": [0, 0, 0, 10.5], "texture": "#2"},
				"south": {"uv": [2.5, 0, 5, 10.5], "texture": "#2"},
				"west": {"uv": [0, 0, 0, 10.5], "texture": "#2"},
				"up": {"uv": [2.5, 0, 0, 0], "texture": "#2"},
				"down": {"uv": [2.5, 0, 0, 0], "texture": "#2"}
			}
		}
	],
	"display": {
		"thirdperson_righthand": {
			"rotation": [0, 90, 0],
			"translation": [0, 3, 1.75]
		},
		"thirdperson_lefthand": {
			"rotation": [0, 90, 0],
			"translation": [0, 3, 1.75]
		},
		"firstperson_righthand": {
			"rotation": [-3, -98, 0],
			"translation": [2.5, 2.5, 0]
		},
		"firstperson_lefthand": {
			"rotation": [-3, -98, 0],
			"translation": [2.5, 2.5, 0]
		},
		"gui": {
			"rotation": [-7.62, -31.51, -14.31],
			"translation": [-0.25, -3.25, 0],
			"scale": [0.6, 0.6, 0.6]
		},
		"fixed": {
			"translation": [0, -3.75, -0.25]
		}
	}
}