{
	"credit": "Made with Blockbench",
	"texture_size": [32, 32],
	"textures": {
		"1": "item/vaults/flamewinds"
	},
	"elements": [
		{
			"from": [7, 3, 7],
			"to": [9, 10, 9],
			"rotation": {"angle": -45, "axis": "y", "origin": [8, 2, 8]},
			"faces": {
				"north": {"uv": [10, 10, 11, 13.5], "texture": "#1"},
				"east": {"uv": [11, 0, 12, 3.5], "texture": "#1"},
				"south": {"uv": [11, 3.5, 12, 7], "texture": "#1"},
				"west": {"uv": [11, 7, 12, 10.5], "texture": "#1"},
				"up": {"uv": [13, 10.5, 12, 9.5], "texture": "#1"},
				"down": {"uv": [13.5, 10.5, 12.5, 11.5], "texture": "#1"}
			}
		},
		{
			"from": [6, 0, 6.525],
			"to": [10, 4, 9.525],
			"rotation": {"angle": 45, "axis": "z", "origin": [8, 2, 8.025]},
			"faces": {
				"north": {"uv": [6, 10, 8, 12], "texture": "#1"},
				"east": {"uv": [11, 10.5, 12.5, 12.5], "texture": "#1"},
				"south": {"uv": [8, 10, 10, 12], "texture": "#1"},
				"west": {"uv": [0, 11.5, 1.5, 13.5], "texture": "#1"},
				"up": {"uv": [3.5, 13, 1.5, 11.5], "texture": "#1"},
				"down": {"uv": [5.5, 11.5, 3.5, 13], "texture": "#1"}
			}
		},
		{
			"from": [5, 10, 6.525],
			"to": [11, 12, 9.525],
			"rotation": {"angle": 0, "axis": "y", "origin": [7, 10, 7]},
			"faces": {
				"north": {"uv": [12, 0, 15, 1], "texture": "#1"},
				"east": {"uv": [8.5, 12, 10, 13], "texture": "#1"},
				"south": {"uv": [12, 1, 15, 2], "texture": "#1"},
				"west": {"uv": [12, 8.5, 13.5, 9.5], "texture": "#1"},
				"up": {"uv": [3, 11.5, 0, 10], "texture": "#1"},
				"down": {"uv": [6, 10, 3, 11.5], "texture": "#1"}
			}
		},
		{
			"from": [-2, 7, 8],
			"to": [8, 12, 8],
			"rotation": {"angle": 0, "axis": "y", "origin": [5, 9, 7]},
			"faces": {
				"north": {"uv": [6, 0, 11, 2.5], "texture": "#1"},
				"east": {"uv": [0, 0, 0, 2.5], "texture": "#1"},
				"south": {"uv": [6, 2.5, 11, 5], "texture": "#1"},
				"west": {"uv": [0, 0, 0, 2.5], "texture": "#1"},
				"up": {"uv": [5, 0, 0, 0], "texture": "#1"},
				"down": {"uv": [5, 0, 0, 0], "texture": "#1"}
			}
		},
		{
			"from": [8, 7, 8],
			"to": [18, 12, 8],
			"rotation": {"angle": 0, "axis": "y", "origin": [11, 9, 7]},
			"faces": {
				"north": {"uv": [6, 5, 11, 7.5], "texture": "#1"},
				"east": {"uv": [0, 0, 0, 2.5], "texture": "#1"},
				"south": {"uv": [6, 7.5, 11, 10], "texture": "#1"},
				"west": {"uv": [0, 0, 0, 2.5], "texture": "#1"},
				"up": {"uv": [5, 0, 0, 0], "texture": "#1"},
				"down": {"uv": [5, 0, 0, 0], "texture": "#1"}
			}
		},
		{
			"from": [5, 12, 8],
			"to": [11, 32, 8],
			"rotation": {"angle": 0, "axis": "y", "origin": [7, 12, 7]},
			"faces": {
				"north": {"uv": [0, 0, 3, 10], "texture": "#1"},
				"east": {"uv": [0, 0, 0, 10], "texture": "#1"},
				"south": {"uv": [3, 0, 6, 10], "texture": "#1"},
				"west": {"uv": [0, 0, 0, 10], "texture": "#1"},
				"up": {"uv": [3, 0, 0, 0], "texture": "#1"},
				"down": {"uv": [3, 0, 0, 0], "texture": "#1"}
			}
		},
		{
			"from": [6.63333, 10, 6],
			"to": [9.63333, 13, 10],
			"rotation": {"angle": 45, "axis": "z", "origin": [8.73333, 11, 6]},
			"faces": {
				"north": {"uv": [7, 12, 8.5, 13.5], "texture": "#1"},
				"east": {"uv": [12, 2, 14, 3.5], "texture": "#1"},
				"south": {"uv": [12, 7, 13.5, 8.5], "texture": "#1"},
				"west": {"uv": [12, 3.5, 14, 5], "texture": "#1"},
				"up": {"uv": [13.5, 7, 12, 5], "texture": "#1"},
				"down": {"uv": [7, 12, 5.5, 14], "texture": "#1"}
			}
		}
	],
	"display": {
		"thirdperson_righthand": {
			"rotation": [0, 90, 0],
			"translation": [0, -0.75, 1.75]
		},
		"thirdperson_lefthand": {
			"rotation": [0, 90, 0],
			"translation": [0, -0.75, 1.75]
		},
		"firstperson_righthand": {
			"rotation": [0, 86, 0],
			"translation": [1.75, 0, 0]
		},
		"firstperson_lefthand": {
			"rotation": [0, 86, 0],
			"translation": [1.75, 0, 0]
		},
		"gui": {
			"rotation": [-4.49, -32.45, -26.42],
			"translation": [-1.5, -4, 0],
			"scale": [0.6, 0.6, 0.6]
		},
		"fixed": {
			"translation": [0, -5.75, -0.25]
		}
	}
}