{
	"credit": "Made with Blockbench",
	"textures": {
		"1": "item/vaults/revolver"
	},
	"elements": [
		{
			"from": [7.02775, 2.6376, 9.44521],
			"to": [9.02775, 7.30427, 11.91188],
			"rotation": {"angle": -22.5, "axis": "x", "origin": [8.08768, 7.92161, 8.22394]},
			"faces": {
				"north": {"uv": [10, 0, 12, 5], "texture": "#1"},
				"east": {"uv": [10, 5, 12, 10], "texture": "#1"},
				"south": {"uv": [6, 8, 8, 13], "texture": "#1"},
				"west": {"uv": [8, 8, 10, 13], "texture": "#1"},
				"up": {"uv": [14, 8, 12, 6], "rotation": 180, "texture": "#1"},
				"down": {"uv": [14, 8, 12, 10], "rotation": 180, "texture": "#1"}
			}
		},
		{
			"name": "gun",
			"from": [8.58768, 7.21207, 3.68212],
			"to": [9.08768, 9.21207, 11.68212],
			"rotation": {"angle": 0, "axis": "y", "origin": [8.08768, 7.92161, 8.22394]},
			"faces": {
				"north": {"uv": [14, 8, 15, 10], "texture": "#1"},
				"east": {"uv": [0, 2, 8, 4], "texture": "#1"},
				"south": {"uv": [14, 6, 15, 8], "texture": "#1"},
				"west": {"uv": [0, 0, 8, 2], "texture": "#1"}
			}
		},
		{
			"name": "gun",
			"from": [7.08768, 7.21207, 3.68212],
			"to": [7.58768, 9.21207, 11.68212],
			"rotation": {"angle": 0, "axis": "y", "origin": [8.08768, 7.92161, 8.22394]},
			"faces": {
				"north": {"uv": [14, 10, 15, 12], "texture": "#1"},
				"east": {"uv": [0, 6, 8, 8], "texture": "#1"},
				"south": {"uv": [10, 14, 11, 16], "texture": "#1"},
				"west": {"uv": [0, 4, 8, 6], "texture": "#1"}
			}
		},
		{
			"name": "gun",
			"from": [7.18768, 7.31207, 7.68212],
			"to": [8.98768, 9.11207, 11.43212],
			"rotation": {"angle": 0, "axis": "y", "origin": [8.08768, 7.92161, 8.22394]},
			"faces": {
				"north": {"uv": [12, 12, 14, 14], "texture": "#1"},
				"east": {"uv": [12, 0, 16, 2], "texture": "#1"},
				"south": {"uv": [10, 12, 12, 14], "texture": "#1"},
				"west": {"uv": [10, 10, 14, 12], "texture": "#1"}
			}
		},
		{
			"name": "gun",
			"from": [7.08768, 7.21207, 3.68212],
			"to": [9.08768, 7.71207, 11.68212],
			"rotation": {"angle": 0, "axis": "y", "origin": [8.08768, 7.92161, 8.22394]},
			"faces": {
				"north": {"uv": [14, 12, 16, 13], "texture": "#1"},
				"south": {"uv": [11, 14, 13, 15], "texture": "#1"},
				"up": {"uv": [2, 16, 0, 8], "rotation": 180, "texture": "#1"},
				"down": {"uv": [10, 0, 8, 8], "rotation": 180, "texture": "#1"}
			}
		},
		{
			"name": "gun",
			"from": [7.08768, 8.71207, 3.68212],
			"to": [9.08768, 9.21207, 11.68212],
			"rotation": {"angle": 0, "axis": "y", "origin": [8.08768, 7.92161, 8.22394]},
			"faces": {
				"north": {"uv": [14, 13, 16, 14], "texture": "#1"},
				"south": {"uv": [13, 14, 15, 15], "texture": "#1"},
				"up": {"uv": [4, 16, 2, 8], "rotation": 180, "texture": "#1"},
				"down": {"uv": [6, 8, 4, 16], "rotation": 180, "texture": "#1"}
			}
		},
		{
			"from": [8.02775, 9.20833, 3.68212],
			"to": [8.02775, 10.20833, 4.68212],
			"rotation": {"angle": 0, "axis": "y", "origin": [8.08768, 7.92161, 8.22394]},
			"faces": {
				"north": {"uv": [0, 0, 0, 1], "texture": "#1"},
				"east": {"uv": [15, 6, 16, 7], "texture": "#1"},
				"south": {"uv": [0, 0, 0, 1], "texture": "#1"},
				"west": {"uv": [6, 15, 7, 16], "texture": "#1"},
				"up": {"uv": [0, 1, 0, 0], "rotation": 180, "texture": "#1"},
				"down": {"uv": [0, 0, 0, 1], "rotation": 180, "texture": "#1"}
			}
		},
		{
			"from": [8.02775, 9.4317, 10.55905],
			"to": [8.02775, 11.4317, 12.55905],
			"rotation": {"angle": 22.5, "axis": "x", "origin": [8.08768, 7.92161, 8.22394]},
			"faces": {
				"north": {"uv": [0, 0, 0, 2], "texture": "#1"},
				"east": {"uv": [8, 13, 10, 15], "texture": "#1"},
				"south": {"uv": [0, 0, 0, 2], "texture": "#1"},
				"west": {"uv": [6, 13, 8, 15], "texture": "#1"},
				"up": {"uv": [0, 2, 0, 0], "rotation": 180, "texture": "#1"},
				"down": {"uv": [0, 0, 0, 2], "rotation": 180, "texture": "#1"}
			}
		},
		{
			"from": [8.02775, 5.33333, 7.51546],
			"to": [8.02775, 7.33333, 11.51546],
			"rotation": {"angle": 0, "axis": "y", "origin": [8.08768, 7.92161, 8.22394]},
			"faces": {
				"north": {"uv": [0, 0, 0, 2], "texture": "#1"},
				"east": {"uv": [12, 4, 16, 6], "texture": "#1"},
				"south": {"uv": [0, 0, 0, 2], "texture": "#1"},
				"west": {"uv": [12, 2, 16, 4], "texture": "#1"},
				"up": {"uv": [0, 4, 0, 0], "rotation": 180, "texture": "#1"},
				"down": {"uv": [0, 0, 0, 4], "rotation": 180, "texture": "#1"}
			}
		}
	],
	"display": {
		"thirdperson_righthand": {
			"rotation": [8, 0, 0],
			"translation": [0, 1, -1.75]
		},
		"thirdperson_lefthand": {
			"translation": [0, 4.5, -3.25],
			"scale": [0, 0, 0]
		},
		"firstperson_righthand": {
			"translation": [-4.5, 5.25, 1]
		},
		"firstperson_lefthand": {
			"translation": [-9, 4.25, -6.75]
		},
		"gui": {
			"rotation": [12, -111, 0],
			"translation": [1, 0.5, 0],
			"scale": [1.3, 1.3, 1.3]
		}
	},
	"groups": [
		{
			"name": "item",
			"origin": [8, 8, 8],
			"color": 0,
			"nbt": "{}",
			"children": [0, 1, 2, 3, 4, 5, 6, 7, 8]
		}
	]
}