{
    "parent": "item/generated",
    "textures": {
        "layer0": "item/potion_overlay",
        "layer1": "item/potion"
    },
	"overrides": [
		{ "predicate": {  "custom_model_data": 1 }, "model": "item/vaults/potion/cloudburst_potion"},
		{ "predicate": {  "custom_model_data": 2 }, "model": "item/vaults/potion/regeneration_potion"},
		{ "predicate": {  "custom_model_data": 3 }, "model": "item/vaults/potion/gills_potion"},
		{ "predicate": {  "custom_model_data": 4 }, "model": "item/vaults/potion/jump_boost"}
	]
}
