{
  "parent": "minecraft:item/handheld",
  "textures": {
    "layer0": "minecraft:item/stick"
  },
	"overrides": [
		{ "predicate": {  "custom_model_data": 1 }, "model": "item/vaults/wand/leaf_wand"},
		{ "predicate": {  "custom_model_data": 2 }, "model": "item/vaults/wand/impact_wand"},
		{ "predicate": {  "custom_model_data": 3 }, "model": "item/vaults/wand/wand_of_sparking"},
		{ "predicate": {  "custom_model_data": 4 }, "model": "item/vaults/torch"},
		{ "predicate": {  "custom_model_data": 5 }, "model": "item/vaults/amethyst_mallet"}
	]
}